{"cameraMode":{"drawMode":0,"name":"Shaded","section":"Shading Mode"},"sceneLighting":true,"audioPlay":false,"sceneViewState":{"showFog":true,"showMaterialUpdate":false,"showSkybox":true,"showFlares":true,"showImageEffects":true,"showParticleSystems":true},"in2DMode":false,"pivot":{"x":6.411688804626465,"y":0.2940039038658142,"z":-26.42581558227539},"rotation":{"x":0.01865304447710514,"y":0.972488522529602,"z":-0.0836547240614891,"w":0.21675369143486024},"size":26.906415939331056,"orthographic":false}