{"cameraMode":{"drawMode":0,"name":"Shaded","section":"Shading Mode"},"sceneLighting":true,"audioPlay":false,"sceneViewState":{"showFog":true,"showMaterialUpdate":false,"showSkybox":true,"showFlares":true,"showImageEffects":true,"showParticleSystems":true},"in2DMode":false,"pivot":{"x":66.763427734375,"y":-625.744140625,"z":407.1427917480469},"rotation":{"x":0.4854443669319153,"y":0.14638575911521913,"z":-0.08260499686002732,"w":0.8580809235572815},"size":741.1196899414063,"orthographic":false}