{"cameraMode":{"drawMode":0,"name":"Shaded","section":"Shading Mode"},"sceneLighting":true,"audioPlay":false,"sceneViewState":{"showFog":true,"showMaterialUpdate":false,"showSkybox":true,"showFlares":true,"showImageEffects":true,"showParticleSystems":true},"in2DMode":false,"pivot":{"x":-0.8780221939086914,"y":0.6879817247390747,"z":-0.5214148163795471},"rotation":{"x":-0.32726141810417178,"y":0.43944457173347475,"z":-0.1746673434972763,"w":-0.8188074231147766},"size":13.082592010498047,"orthographic":false}