{"cameraMode":{"drawMode":0,"name":"Shaded","section":"Shading Mode"},"sceneLighting":true,"audioPlay":false,"sceneViewState":{"showFog":true,"showMaterialUpdate":false,"showSkybox":true,"showFlares":true,"showImageEffects":true,"showParticleSystems":true},"in2DMode":false,"pivot":{"x":-27.753812789916993,"y":25.130563735961915,"z":18.347335815429689},"rotation":{"x":-0.08544811606407166,"y":-0.7848661541938782,"z":0.6039395332336426,"w":-0.11157594621181488},"size":50.284423828125,"orthographic":false}