{"cameraMode":{"drawMode":0,"name":"Shaded","section":"Shading Mode"},"sceneLighting":false,"audioPlay":false,"sceneViewState":{"showFog":true,"showMaterialUpdate":false,"showSkybox":false,"showFlares":true,"showImageEffects":true,"showParticleSystems":true},"in2DMode":false,"pivot":{"x":5.960464477539063e-7,"y":1.4625000953674317,"z":0.37849998474121096},"rotation":{"x":-0.10681269317865372,"y":0.893110454082489,"z":-0.3152329623699188,"w":-0.30262309312820437},"size":5.555965900421143,"orthographic":false}