{"cameraMode":{"drawMode":0,"name":"Shaded","section":"Shading Mode"},"sceneLighting":true,"audioPlay":false,"sceneViewState":{"showFog":true,"showMaterialUpdate":false,"showSkybox":true,"showFlares":true,"showImageEffects":true,"showParticleSystems":true},"in2DMode":false,"pivot":{"x":13.797860145568848,"y":14.086626052856446,"z":29.21286392211914},"rotation":{"x":-0.011693738400936127,"y":0.9717792868614197,"z":-0.23041754961013795,"w":-0.04931100830435753},"size":28.578840255737306,"orthographic":false}