{"cameraMode":{"drawMode":0,"name":"Shaded","section":"Shading Mode"},"sceneLighting":true,"audioPlay":false,"sceneViewState":{"showFog":true,"showMaterialUpdate":false,"showSkybox":true,"showFlares":true,"showImageEffects":true,"showParticleSystems":true},"in2DMode":false,"pivot":{"x":12.599260330200196,"y":-9.344306945800782,"z":27.18999481201172},"rotation":{"x":-0.34703385829925539,"y":-0.11721331626176834,"z":0.04367278143763542,"w":-0.929520308971405},"size":32.521034240722659,"orthographic":false}